partner,84,85
CAN,0.07113235438115352,-0.0179268048855883
CHN,-0.15822654743679193,-0.18588961108258328
DEU,0.008841064824985399,0.1229197584511318
JPN,0.040505594536891676,-0.014054916603785775
KOR,0.5468943744946096,0.28376864698576415
MEX,0.3398598854507714,0.0823712327762262
MYS,0.6491572992335718,0.053350419512939035
THA,0.6906863464016761,0.6842059784744848
VNM,2.388496551288278,2.540350747854772
