scenario,USA_2022_co2_tonnes
LOW,2483228.434860094
BASE,8277428.116200315
HIGH,17382599.04402066
